"category","item_index","exemplar","role","dim1","dim2","dim3","dim4","dim5","dim6"
1,1,"P1","prototype",-1.5597,0.0317,0.4041,-0.0806,0.7044,-0.6498
1,2,"O1","old",-0.3957,0.4043,-0.5009,1.3874,2.9568,1.3244
1,3,"O2","old",-0.4298,0.767,0.1511,2.7576,-0.326,-0.2771
1,4,"O3","old",-1.7295,0.3513,0.6034,-1.0291,0.205,-0.1439
1,5,"O4","old",-1.0242,0.5849,0.8259,-0.761,0.1401,2.1197
1,6,"O5","old",-1.702,0.4002,0.7423,-0.7992,-0.0752,-0.1777
1,7,"O6","old",-1.7318,0.7908,0.6102,-1.387,0.8574,-1.2062
1,8,"Nl","new_low",-0.658,1.3329,1.3447,0.5528,1.2421,-0.1631
1,9,"Nm","new_medium",-0.2911,-1.7077,1.2002,2.105,-0.1559,-0.6702
1,10,"Nh","new_high",-0.7722,0.7045,-0.8799,-0.2577,-0.978,-2.2524
2,1,"P2","prototype",1.3353,0.3275,0.0543,-0.6616,0.1806,-0.288
2,2,"O1","old",1.0572,0.324,0.7356,0.0128,0.5301,0.3156
2,3,"O2","old",1.1589,0.9646,0.5663,-0.2257,-0.371,0.2569
2,4,"O3","old",1.2564,0.0153,-0.4414,-1.2021,0.9971,-0.0669
2,5,"O4","old",1.431,-0.0661,0.6084,-0.1159,-0.4888,-0.3197
2,6,"O5","old",0.9951,0.8524,0.592,0.0367,-0.5004,-2.0262
2,7,"O6","old",1.2649,0.0256,-1.4573,-0.3197,1.0346,-0.8378
2,8,"Nl","new_low",1.2624,0.4207,0.3534,-0.7558,0.1718,-0.1813
2,9,"Nm","new_medium",1.0582,0.5241,1.4669,-0.2608,-0.123,-0.5886
2,10,"Nh","new_high",0.8404,-0.3782,0.8416,0.3203,-0.1264,1.7302
3,1,"P3","prototype",0.1213,-2.0049,-0.5556,-0.1492,0.2473,0.3143
3,2,"O1","old",0.1726,1.4973,-2.2666,1.3864,-0.8222,-0.246
3,3,"O2","old",-0.0099,1.5846,-0.8532,0.8982,-1.7078,1.9922
3,4,"O3","old",-0.726,-2.1062,0.4022,0.9964,0.0206,-0.2523
3,5,"O4","old",-0.7126,-0.2446,-0.9565,-1.1702,-1.7786,0.82
3,6,"O5","old",-0.508,-0.5879,-1.779,-1.4875,-0.1869,0.4917
3,7,"O6","old",0.6368,-0.6837,-0.256,-0.8362,-0.0218,1.373
3,8,"Nl","new_low",0.2183,-2.0001,0.3115,-0.0454,-0.0266,0.5123
3,9,"Nm","new_medium",-0.6975,-1.0783,0.5422,0.6966,-2.5504,-0.4488
3,10,"Nh","new_high",0.1393,-1.0457,-2.4102,0.3945,0.9511,-0.4545
