"type","subj","block","acc"
2,101,"1",0.25
2,101,"2",0.63
2,101,"3",0.5
2,101,"4",0.38
2,101,"5",0.63
2,101,"6",0.38
2,101,"7",0.25
2,101,"8",0.5
2,103,"1",0.38
2,103,"2",0.5
2,103,"3",0.5
2,103,"4",0.63
2,103,"5",0.88
2,103,"6",1
2,103,"7",1
2,103,"8",1
2,104,"1",0.5
2,104,"2",0.75
2,104,"3",1
2,104,"4",0.88
2,104,"5",0.5
2,104,"6",0.5
2,104,"7",0.88
2,104,"8",0.88
2,104,"1",0.5
2,104,"2",0.63
2,104,"3",0
2,104,"4",0.63
2,104,"5",0.5
2,104,"6",1
2,104,"7",0.5
2,104,"8",0.38
2,105,"1",0.38
2,105,"2",0.38
2,105,"3",1
2,105,"4",1
2,105,"5",1
2,105,"6",1
2,105,"7",1
2,105,"8",1
2,105,"1",0.5
2,105,"2",1
2,105,"3",1
2,105,"4",1
2,105,"5",1
2,105,"6",1
2,105,"7",1
2,105,"8",1
2,106,"1",0.25
2,106,"2",0.5
2,106,"3",0.38
2,106,"4",0.25
2,106,"5",0.38
2,106,"6",0.63
2,106,"7",0.25
2,106,"8",0.63
2,106,"1",0.25
2,106,"2",0.5
2,106,"3",0.25
2,106,"4",0.5
2,106,"5",0.63
2,106,"6",0.75
2,106,"7",0.75
2,106,"8",1
2,107,"1",0.5
2,107,"2",0.63
2,107,"3",1
2,107,"4",1
2,107,"5",1
2,107,"6",1
2,107,"7",1
2,107,"8",1
2,108,"1",0.38
2,108,"2",0.5
2,108,"3",0.38
2,108,"4",0.63
2,108,"5",0.5
2,108,"6",0.25
2,108,"7",0.63
2,108,"8",0.88
2,109,"1",0.88
2,109,"2",1
2,109,"3",1
2,109,"4",1
2,109,"5",1
2,109,"6",1
2,109,"7",1
2,109,"8",1
2,109,"1",0.63
2,109,"2",0.88
2,109,"3",0.63
2,109,"4",0.75
2,109,"5",1
2,109,"6",1
2,109,"7",1
2,109,"8",1
2,110,"1",0.75
2,110,"2",1
2,110,"3",1
2,110,"4",1
2,110,"5",1
2,110,"6",1
2,110,"7",1
2,110,"8",1
2,110,"1",0.38
2,110,"2",0.25
2,110,"3",0.63
2,110,"4",0.88
2,110,"5",0.5
2,110,"6",0.5
2,110,"7",0.63
2,110,"8",0.75
2,111,"1",0.5
2,111,"2",0.63
2,111,"3",0.75
2,111,"4",0.63
2,111,"5",0.88
2,111,"6",0.75
2,111,"7",0.5
2,111,"8",0.75
2,112,"1",0.63
2,112,"2",1
2,112,"3",1
2,112,"4",1
2,112,"5",1
2,112,"6",1
2,112,"7",1
2,112,"8",1
2,113,"1",0.5
2,113,"2",0.25
2,113,"3",0.13
2,113,"4",0.5
2,113,"5",0.38
2,113,"6",0.63
2,113,"7",0.63
2,113,"8",0.38
2,114,"1",0.75
2,114,"2",1
2,114,"3",1
2,114,"4",1
2,114,"5",1
2,114,"6",1
2,114,"7",1
2,114,"8",1
2,114,"1",0.13
2,114,"2",0.13
2,114,"3",0.38
2,114,"4",0.5
2,114,"5",1
2,114,"6",1
2,114,"7",1
2,114,"8",1
2,115,"1",0.38
2,115,"2",0.75
2,115,"3",0.63
2,115,"4",0.75
2,115,"5",1
2,115,"6",0.88
2,115,"7",1
2,115,"8",0.88
2,117,"1",0.75
2,117,"2",0.5
2,117,"3",0.25
2,117,"4",0.75
2,117,"5",0.63
2,117,"6",0.5
2,117,"7",0.75
2,117,"8",1
2,117,"1",0.5
2,117,"2",0.75
2,117,"3",1
2,117,"4",0.88
2,117,"5",1
2,117,"6",1
2,117,"7",1
2,117,"8",1
2,118,"1",0.5
2,118,"2",0.75
2,118,"3",1
2,118,"4",0.88
2,118,"5",0.88
2,118,"6",0.88
2,118,"7",1
2,118,"8",0.88
2,119,"1",0.88
2,119,"2",1
2,119,"3",1
2,119,"4",1
2,119,"5",1
2,119,"6",1
2,119,"7",1
2,119,"8",1
2,120,"1",0.5
2,120,"2",0.5
2,120,"3",0.38
2,120,"4",0.38
2,120,"5",0.38
2,120,"6",0.38
2,120,"7",0.63
2,120,"8",0.75
2,120,"1",0.63
2,120,"2",0.38
2,120,"3",0.5
2,120,"4",0.5
2,120,"5",1
2,120,"6",0.75
2,120,"7",1
2,120,"8",1
2,121,"1",0.13
2,121,"2",0.25
2,121,"3",0.5
2,121,"4",0.38
2,121,"5",0.63
2,121,"6",0.38
2,121,"7",0.13
2,121,"8",0.38
2,122,"1",0.5
2,122,"2",0.38
2,122,"3",0.5
2,122,"4",0.25
2,122,"5",0.25
2,122,"6",0.5
2,122,"7",0.5
2,122,"8",0.75
2,122,"1",0.63
2,122,"2",0.63
2,122,"3",0.38
2,122,"4",0.25
2,122,"5",0.5
2,122,"6",0.63
2,122,"7",0.63
2,122,"8",0.75
2,123,"1",0.38
2,123,"2",0.88
2,123,"3",0.75
2,123,"4",1
2,123,"5",0.88
2,123,"6",0.88
2,123,"7",1
2,123,"8",1
2,125,"1",0.38
2,125,"2",0.75
2,125,"3",1
2,125,"4",1
2,125,"5",1
2,125,"6",1
2,125,"7",1
2,125,"8",1
2,126,"1",0.88
2,126,"2",1
2,126,"3",1
2,126,"4",1
2,126,"5",1
2,126,"6",1
2,126,"7",1
2,126,"8",1
2,126,"1",0.38
2,126,"2",0.75
2,126,"3",0.88
2,126,"4",0.88
2,126,"5",1
2,126,"6",1
2,126,"7",1
2,126,"8",1
2,126,"1",0.75
2,126,"2",0.88
2,126,"3",0.75
2,126,"4",0.75
2,126,"5",0.75
2,126,"6",1
2,126,"7",0.88
2,126,"8",1
2,127,"1",0.38
2,127,"2",0.75
2,127,"3",0.88
2,127,"4",0.5
2,127,"5",0.63
2,127,"6",0.5
2,127,"7",0.88
2,127,"8",0.63
2,127,"1",0.63
2,127,"2",1
2,127,"3",1
2,127,"4",1
2,127,"5",1
2,127,"6",1
2,127,"7",1
2,127,"8",1
2,128,"1",0.25
2,128,"2",0.38
2,128,"3",0.38
2,128,"4",0.5
2,128,"5",0.5
2,128,"6",0.38
2,128,"7",0.63
2,128,"8",0.63
2,128,"1",0.63
2,128,"2",0.75
2,128,"3",0.75
2,128,"4",0.75
2,128,"5",1
2,128,"6",0.88
2,128,"7",0.88
2,128,"8",1
2,129,"1",0.63
2,129,"2",1
2,129,"3",0.75
2,129,"4",0.88
2,129,"5",1
2,129,"6",0.88
2,129,"7",1
2,129,"8",0.88
2,129,"1",0.88
2,129,"2",0.75
2,129,"3",0.75
2,129,"4",0.88
2,129,"5",1
2,129,"6",1
2,129,"7",1
2,129,"8",1
2,130,"1",0.38
2,130,"2",0.75
2,130,"3",0.38
2,130,"4",0.38
2,130,"5",0.38
2,130,"6",0.38
2,130,"7",0.38
2,130,"8",0.5
2,131,"1",0.5
2,131,"2",0.38
2,131,"3",0.38
2,131,"4",0.63
2,131,"5",0.75
2,131,"6",0.38
2,131,"7",0.25
2,131,"8",0.63
2,134,"1",0.63
2,134,"2",0.88
2,134,"3",1
2,134,"4",1
2,134,"5",1
2,134,"6",1
2,134,"7",1
2,134,"8",1
2,135,"1",0.63
2,135,"2",1
2,135,"3",1
2,135,"4",1
2,135,"5",1
2,135,"6",1
2,135,"7",1
2,135,"8",1
2,136,"1",1
2,136,"2",1
2,136,"3",1
2,136,"4",1
2,136,"5",1
2,136,"6",1
2,136,"7",1
2,136,"8",1
2,137,"1",0.88
2,137,"2",0.5
2,137,"3",0.75
2,137,"4",0.75
2,137,"5",0.75
2,137,"6",0.88
2,137,"7",0.88
2,137,"8",1
2,138,"1",0.25
2,138,"2",0.75
2,138,"3",0.75
2,138,"4",0.75
2,138,"5",1
2,138,"6",1
2,138,"7",1
2,138,"8",1
2,139,"1",0.63
2,139,"2",0.5
2,139,"3",0.63
2,139,"4",0.38
2,139,"5",0.38
2,139,"6",0.75
2,139,"7",0.5
2,139,"8",0.63
2,139,"1",0.75
2,139,"2",1
2,139,"3",1
2,139,"4",1
2,139,"5",1
2,139,"6",1
2,139,"7",1
2,139,"8",1
2,140,"1",0.25
2,140,"2",0.25
2,140,"3",0.63
2,140,"4",0.25
2,140,"5",0.38
2,140,"6",0.75
2,140,"7",0.75
2,140,"8",0.5
2,141,"1",0.75
2,141,"2",0.5
2,141,"3",0.75
2,141,"4",0.63
2,141,"5",0.38
2,141,"6",0.5
2,141,"7",0.63
2,141,"8",0.88
2,142,"1",0.38
2,142,"2",0.63
2,142,"3",0.38
2,142,"4",0.88
2,142,"5",0.88
2,142,"6",1
2,142,"7",0.88
2,142,"8",1
2,144,"1",0.25
2,144,"2",0.38
2,144,"3",0.38
2,144,"4",0
2,144,"5",0.38
2,144,"6",0.38
2,144,"7",0.25
2,144,"8",0.5
2,144,"1",0.5
2,144,"2",0.38
2,144,"3",0.38
2,144,"4",0.25
2,144,"5",0.38
2,144,"6",0.5
2,144,"7",0.63
2,144,"8",0.88
2,146,"1",0.63
2,146,"2",0.75
2,146,"3",0.63
2,146,"4",0.88
2,146,"5",0.75
2,146,"6",0.88
2,146,"7",1
2,146,"8",1
2,148,"1",0.63
2,148,"2",0.88
2,148,"3",1
2,148,"4",1
2,148,"5",1
2,148,"6",1
2,148,"7",1
2,148,"8",1
2,149,"1",0.13
2,149,"2",0.25
2,149,"3",0.25
2,149,"4",0.38
2,149,"5",0.63
2,149,"6",0.75
2,149,"7",0.75
2,149,"8",0.88
2,149,"1",0.5
2,149,"2",0.38
2,149,"3",0.5
2,149,"4",0.75
2,149,"5",0.5
2,149,"6",0.38
2,149,"7",0.88
2,149,"8",0.75
2,150,"1",0.5
2,150,"2",0.38
2,150,"3",0.75
2,150,"4",1
2,150,"5",0.88
2,150,"6",1
2,150,"7",1
2,150,"8",1
2,151,"1",0.25
2,151,"2",0.5
2,151,"3",0.25
2,151,"4",0.5
2,151,"5",0.38
2,151,"6",0.5
2,151,"7",0.63
2,151,"8",0.5
2,152,"1",0.13
2,152,"2",0.63
2,152,"3",0.25
2,152,"4",0.63
2,152,"5",0.63
2,152,"6",0.75
2,152,"7",1
2,152,"8",1
2,154,"1",0.5
2,154,"2",0.38
2,154,"3",0.88
2,154,"4",0.88
2,154,"5",1
2,154,"6",1
2,154,"7",1
2,154,"8",1
2,156,"1",0.5
2,156,"2",0.25
2,156,"3",0.38
2,156,"4",0.5
2,156,"5",0.38
2,156,"6",0.25
2,156,"7",0.5
2,156,"8",0.38
2,158,"1",0.38
2,158,"2",0.25
2,158,"3",0.13
2,158,"4",0.38
2,158,"5",0.13
2,158,"6",0.5
2,158,"7",0.63
2,158,"8",0.5
2,158,"1",0.88
2,158,"2",0.88
2,158,"3",1
2,158,"4",1
2,158,"5",1
2,158,"6",1
2,158,"7",1
2,158,"8",1
2,159,"1",0.38
2,159,"2",0.75
2,159,"3",0.75
2,159,"4",0.88
2,159,"5",0.75
2,159,"6",0.75
2,159,"7",0.75
2,159,"8",0.75
2,160,"1",0.5
2,160,"2",0.25
2,160,"3",0.38
2,160,"4",0.38
2,160,"5",0.63
2,160,"6",0.63
2,160,"7",0.5
2,160,"8",0.38
2,160,"1",0.5
2,160,"2",0.38
2,160,"3",0.5
2,160,"4",0.5
2,160,"5",0.75
2,160,"6",1
2,160,"7",1
2,160,"8",1
2,160,"1",0.63
2,160,"2",0.5
2,160,"3",0.5
2,160,"4",0.63
2,160,"5",0.75
2,160,"6",0.38
2,160,"7",0.38
2,160,"8",0.75
2,161,"1",0.75
2,161,"2",1
2,161,"3",1
2,161,"4",1
2,161,"5",1
2,161,"6",1
2,161,"7",1
2,161,"8",1
2,163,"1",0.25
2,163,"2",0.75
2,163,"3",1
2,163,"4",1
2,163,"5",1
2,163,"6",1
2,163,"7",1
2,163,"8",1
2,164,"1",0.75
2,164,"2",1
2,164,"3",1
2,164,"4",1
2,164,"5",1
2,164,"6",1
2,164,"7",1
2,164,"8",1
2,165,"1",0.63
2,165,"2",1
2,165,"3",1
2,165,"4",1
2,165,"5",1
2,165,"6",1
2,165,"7",1
2,165,"8",1
2,167,"1",0.75
2,167,"2",0.75
2,167,"3",0.75
2,167,"4",1
2,167,"5",1
2,167,"6",1
2,167,"7",1
2,167,"8",1
2,167,"1",0.38
2,167,"2",0.38
2,167,"3",0.63
2,167,"4",0.88
2,167,"5",1
2,167,"6",1
2,167,"7",1
2,167,"8",1
2,168,"1",0.5
2,168,"2",0.75
2,168,"3",0.63
2,168,"4",0.75
2,168,"5",0.5
2,168,"6",0.75
2,168,"7",0.75
2,168,"8",0.63
2,168,"1",0.38
2,168,"2",0.75
2,168,"3",0.75
2,168,"4",0.88
2,168,"5",1
2,168,"6",1
2,168,"7",1
2,168,"8",1
2,169,"1",0.63
2,169,"2",1
2,169,"3",1
2,169,"4",1
2,169,"5",1
2,169,"6",1
2,169,"7",1
2,169,"8",1
2,170,"1",0.88
2,170,"2",0.38
2,170,"3",0.25
2,170,"4",0.25
2,170,"5",0.5
2,170,"6",0.75
2,170,"7",1
2,170,"8",1
2,170,"1",0.25
2,170,"2",0.5
2,170,"3",0.38
2,170,"4",0.38
2,170,"5",0.75
2,170,"6",0.38
2,170,"7",0.75
2,170,"8",0.63
2,174,"1",0.63
2,174,"2",0.5
2,174,"3",0.88
2,174,"4",0.75
2,174,"5",0.75
2,174,"6",0.88
2,174,"7",0.88
2,174,"8",0.88
2,174,"1",0.38
2,174,"2",1
2,174,"3",1
2,174,"4",1
2,174,"5",1
2,174,"6",1
2,174,"7",1
2,174,"8",1
2,177,"1",0.38
2,177,"2",0.5
2,177,"3",0.5
2,177,"4",0.75
2,177,"5",0.63
2,177,"6",0.63
2,177,"7",0.63
2,177,"8",0.5
2,178,"1",0.38
2,178,"2",0.63
2,178,"3",0.75
2,178,"4",0.5
2,178,"5",0.88
2,178,"6",1
2,178,"7",1
2,178,"8",1
2,179,"1",0.5
2,179,"2",0.63
2,179,"3",0.38
2,179,"4",0.25
2,179,"5",0.5
2,179,"6",0.5
2,179,"7",0.88
2,179,"8",1
2,179,"1",0.25
2,179,"2",0.38
2,179,"3",0.5
2,179,"4",0.5
2,179,"5",0.25
2,179,"6",0.63
2,179,"7",0.38
2,179,"8",0.5
2,180,"1",0.38
2,180,"2",0.25
2,180,"3",0.25
2,180,"4",0.88
2,180,"5",0.5
2,180,"6",0.5
2,180,"7",0.63
2,180,"8",0.38
2,180,"1",0.25
2,180,"2",0.63
2,180,"3",0.5
2,180,"4",0.5
2,180,"5",1
2,180,"6",1
2,180,"7",1
2,180,"8",1
2,181,"1",0.63
2,181,"2",0.75
2,181,"3",1
2,181,"4",1
2,181,"5",1
2,181,"6",1
2,181,"7",1
2,181,"8",1
2,181,"1",0.88
2,181,"2",1
2,181,"3",1
2,181,"4",1
2,181,"5",1
2,181,"6",1
2,181,"7",1
2,181,"8",1
2,182,"1",0.5
2,182,"2",0.75
2,182,"3",1
2,182,"4",0.88
2,182,"5",1
2,182,"6",1
2,182,"7",1
2,182,"8",1
2,184,"1",0.5
2,184,"2",1
2,184,"3",1
2,184,"4",1
2,184,"5",1
2,184,"6",1
2,184,"7",1
2,184,"8",1
2,185,"1",0.5
2,185,"2",0.25
2,185,"3",0.38
2,185,"4",0.63
2,185,"5",0.63
2,185,"6",0.5
2,185,"7",0.38
2,185,"8",0.13
2,185,"1",0.63
2,185,"2",0.63
2,185,"3",0.88
2,185,"4",0.5
2,185,"5",0.63
2,185,"6",1
2,185,"7",1
2,185,"8",1
2,187,"1",0.63
2,187,"2",0.38
2,187,"3",0.63
2,187,"4",0.5
2,187,"5",0.88
2,187,"6",1
2,187,"7",1
2,187,"8",1
2,188,"1",0.75
2,188,"2",0.88
2,188,"3",1
2,188,"4",1
2,188,"5",1
2,188,"6",1
2,188,"7",1
2,188,"8",1
2,189,"1",0.5
2,189,"2",0.5
2,189,"3",0.5
2,189,"4",0.38
2,189,"5",0.38
2,189,"6",0.63
2,189,"7",0.75
2,189,"8",0.75
2,191,"1",0.38
2,191,"2",0.5
2,191,"3",0.63
2,191,"4",0.5
2,191,"5",0.75
2,191,"6",0.75
2,191,"7",0.88
2,191,"8",0.63
2,192,"1",0.38
2,192,"2",0.38
2,192,"3",0.63
2,192,"4",0.25
2,192,"5",0.38
2,192,"6",0.63
2,192,"7",0.38
2,192,"8",0.63
2,192,"1",0.5
2,192,"2",0.63
2,192,"3",0.63
2,192,"4",0.38
2,192,"5",0.5
2,192,"6",0.63
2,192,"7",0.63
2,192,"8",0.38
2,193,"1",0.63
2,193,"2",1
2,193,"3",1
2,193,"4",1
2,193,"5",1
2,193,"6",1
2,193,"7",1
2,193,"8",1
2,195,"1",0.5
2,195,"2",0.5
2,195,"3",0.88
2,195,"4",0.63
2,195,"5",0.75
2,195,"6",1
2,195,"7",0.88
2,195,"8",1
2,195,"1",0.38
2,195,"2",0.75
2,195,"3",0.38
2,195,"4",0.13
2,195,"5",0.13
2,195,"6",0.5
2,195,"7",0.75
2,195,"8",0.63
2,196,"1",0.5
2,196,"2",0.63
2,196,"3",0.63
2,196,"4",0.75
2,196,"5",0.88
2,196,"6",1
2,196,"7",0.88
2,196,"8",0.88
2,197,"1",0.5
2,197,"2",0.38
2,197,"3",0.63
2,197,"4",0.63
2,197,"5",0.38
2,197,"6",0.75
2,197,"7",1
2,197,"8",1
2,200,"1",0.88
2,200,"2",1
2,200,"3",1
2,200,"4",1
2,200,"5",1
2,200,"6",1
2,200,"7",1
2,200,"8",1
2,201,"1",0.25
2,201,"2",0.38
2,201,"3",0.5
2,201,"4",0.5
2,201,"5",0.88
2,201,"6",0.88
2,201,"7",0.75
2,201,"8",0.75
2,202,"1",0.5
2,202,"2",0.5
2,202,"3",0.25
2,202,"4",0.38
2,202,"5",0.38
2,202,"6",0.38
2,202,"7",0.63
2,202,"8",0.38
2,202,"1",0.5
2,202,"2",1
2,202,"3",1
2,202,"4",1
2,202,"5",1
2,202,"6",1
2,202,"7",1
2,202,"8",1
2,203,"1",0.63
2,203,"2",0.88
2,203,"3",0.88
2,203,"4",0.75
2,203,"5",1
2,203,"6",1
2,203,"7",1
2,203,"8",1
2,203,"1",0.13
2,203,"2",0.75
2,203,"3",1
2,203,"4",1
2,203,"5",1
2,203,"6",1
2,203,"7",1
2,203,"8",1
2,206,"1",0.25
2,206,"2",0.25
2,206,"3",0.5
2,206,"4",0.75
2,206,"5",0.63
2,206,"6",0.63
2,206,"7",0.75
2,206,"8",1
2,206,"1",0.75
2,206,"2",1
2,206,"3",1
2,206,"4",1
2,206,"5",1
2,206,"6",1
2,206,"7",1
2,206,"8",1
2,207,"1",0.38
2,207,"2",0.38
2,207,"3",0.5
2,207,"4",0.13
2,207,"5",0.75
2,207,"6",0.63
2,207,"7",0.5
2,207,"8",0.38
2,208,"1",0.63
2,208,"2",0.63
2,208,"3",0.5
2,208,"4",0.63
2,208,"5",0.5
2,208,"6",0.75
2,208,"7",0.88
2,208,"8",0.75
2,208,"1",0.38
2,208,"2",1
2,208,"3",1
2,208,"4",1
2,208,"5",1
2,208,"6",1
2,208,"7",1
2,208,"8",1
2,209,"1",0.88
2,209,"2",1
2,209,"3",1
2,209,"4",1
2,209,"5",1
2,209,"6",1
2,209,"7",1
2,209,"8",1
2,211,"1",0.5
2,211,"2",0.5
2,211,"3",0.63
2,211,"4",0.5
2,211,"5",0.5
2,211,"6",0.75
2,211,"7",0.63
2,211,"8",1
2,213,"1",0.5
2,213,"2",0.5
2,213,"3",0.38
2,213,"4",0.38
2,213,"5",0.63
2,213,"6",0.75
2,213,"7",0.75
2,213,"8",0.75
2,214,"1",0.38
2,214,"2",0.5
2,214,"3",0.75
2,214,"4",0.5
2,214,"5",0.38
2,214,"6",0.63
2,214,"7",0.75
2,214,"8",0.63
2,215,"1",0.5
2,215,"2",0.88
2,215,"3",1
2,215,"4",0.88
2,215,"5",1
2,215,"6",1
2,215,"7",1
2,215,"8",1
2,218,"1",0.5
2,218,"2",0.63
2,218,"3",1
2,218,"4",1
2,218,"5",1
2,218,"6",1
2,218,"7",1
2,218,"8",1
2,219,"1",0.25
2,219,"2",0.5
2,219,"3",0.88
2,219,"4",1
2,219,"5",0.88
2,219,"6",0.75
2,219,"7",0.75
2,219,"8",0.88
2,222,"1",0.5
2,222,"2",0.13
2,222,"3",0.5
2,222,"4",0.38
2,222,"5",0.38
2,222,"6",0.5
2,222,"7",0.63
2,222,"8",0.63
2,223,"1",0.38
2,223,"2",0.63
2,223,"3",0.63
2,223,"4",0.38
2,223,"5",0.75
2,223,"6",0.5
2,223,"7",0.63
2,223,"8",0.88
2,224,"1",0.25
2,224,"2",0.38
2,224,"3",0.5
2,224,"4",0.13
2,224,"5",0.75
2,224,"6",0.63
2,224,"7",0.25
2,224,"8",0.63
2,225,"1",0.38
2,225,"2",0.63
2,225,"3",0.38
2,225,"4",0.38
2,225,"5",0.38
2,225,"6",0.38
2,225,"7",0.63
2,225,"8",0.5
2,225,"1",0.75
2,225,"2",1
2,225,"3",0.88
2,225,"4",1
2,225,"5",0.88
2,225,"6",1
2,225,"7",1
2,225,"8",1
2,226,"1",0.5
2,226,"2",0.88
2,226,"3",0.88
2,226,"4",1
2,226,"5",1
2,226,"6",1
2,226,"7",1
2,226,"8",1
2,226,"1",0.63
2,226,"2",1
2,226,"3",1
2,226,"4",1
2,226,"5",1
2,226,"6",1
2,226,"7",1
2,226,"8",1
2,227,"1",0.5
2,227,"2",0.5
2,227,"3",0.5
2,227,"4",0.5
2,227,"5",0.88
2,227,"6",1
2,227,"7",1
2,227,"8",1
2,229,"1",0.5
2,229,"2",0.5
2,229,"3",0.38
2,229,"4",0.75
2,229,"5",0.75
2,229,"6",0.88
2,229,"7",1
2,229,"8",1
2,231,"1",0.88
2,231,"2",1
2,231,"3",1
2,231,"4",1
2,231,"5",1
2,231,"6",1
2,231,"7",1
2,231,"8",1
4,100,"1",0.75
4,100,"2",0.5
4,100,"3",0.75
4,100,"4",0.63
4,100,"5",0.63
4,100,"6",0.63
4,100,"7",0.88
4,100,"8",0.88
4,101,"1",1
4,101,"2",1
4,101,"3",1
4,101,"4",1
4,101,"5",1
4,101,"6",1
4,101,"7",1
4,101,"8",1
4,102,"1",0.5
4,102,"2",0.63
4,102,"3",0.5
4,102,"4",0.5
4,102,"5",0.5
4,102,"6",0.38
4,102,"7",0.38
4,102,"8",0.75
4,102,"1",0.5
4,102,"2",0.25
4,102,"3",0.38
4,102,"4",0.38
4,102,"5",0.63
4,102,"6",0.5
4,102,"7",0.63
4,102,"8",0.88
4,103,"1",0.63
4,103,"2",0.75
4,103,"3",0.88
4,103,"4",0.88
4,103,"5",0.88
4,103,"6",0.88
4,103,"7",0.88
4,103,"8",0.88
4,103,"1",0.63
4,103,"2",0.63
4,103,"3",1
4,103,"4",0.63
4,103,"5",0.75
4,103,"6",0.75
4,103,"7",0.63
4,103,"8",0.63
4,104,"1",0.13
4,104,"2",0.38
4,104,"3",0.38
4,104,"4",0.63
4,104,"5",0.88
4,104,"6",0.63
4,104,"7",0.25
4,104,"8",0.63
4,105,"1",0.38
4,105,"2",0.63
4,105,"3",0.63
4,105,"4",0.88
4,105,"5",1
4,105,"6",1
4,105,"7",1
4,105,"8",1
4,106,"1",0.75
4,106,"2",0.5
4,106,"3",0.63
4,106,"4",0.63
4,106,"5",0.5
4,106,"6",0.5
4,106,"7",0.5
4,106,"8",0.75
4,107,"1",0.63
4,107,"2",0.75
4,107,"3",0.63
4,107,"4",0.63
4,107,"5",0.63
4,107,"6",0.63
4,107,"7",0.63
4,107,"8",0.75
4,107,"1",0.38
4,107,"2",0.63
4,107,"3",0.88
4,107,"4",0.88
4,107,"5",1
4,107,"6",1
4,107,"7",1
4,107,"8",1
4,108,"1",0.63
4,108,"2",1
4,108,"3",0.75
4,108,"4",0.88
4,108,"5",0.88
4,108,"6",1
4,108,"7",0.88
4,108,"8",1
4,110,"1",0.63
4,110,"2",0.63
4,110,"3",0.88
4,110,"4",0.88
4,110,"5",0.88
4,110,"6",0.88
4,110,"7",1
4,110,"8",1
4,111,"1",0.63
4,111,"2",0.75
4,111,"3",0.75
4,111,"4",0.75
4,111,"5",0.88
4,111,"6",1
4,111,"7",1
4,111,"8",1
4,112,"1",0.5
4,112,"2",0.88
4,112,"3",0.75
4,112,"4",0.5
4,112,"5",0.88
4,112,"6",1
4,112,"7",0.88
4,112,"8",0.75
4,112,"1",0.5
4,112,"2",0.63
4,112,"3",0.63
4,112,"4",0.63
4,112,"5",0.75
4,112,"6",0.75
4,112,"7",1
4,112,"8",1
4,113,"1",0.5
4,113,"2",0.5
4,113,"3",0.88
4,113,"4",1
4,113,"5",1
4,113,"6",1
4,113,"7",1
4,113,"8",1
4,114,"1",0.25
4,114,"2",0.5
4,114,"3",0.63
4,114,"4",0.5
4,114,"5",0.5
4,114,"6",0.63
4,114,"7",0.38
4,114,"8",0.5
4,115,"1",0.5
4,115,"2",0.63
4,115,"3",0.88
4,115,"4",0.75
4,115,"5",0.88
4,115,"6",0.88
4,115,"7",1
4,115,"8",1
4,116,"1",0.63
4,116,"2",0.75
4,116,"3",0.88
4,116,"4",0.75
4,116,"5",0.63
4,116,"6",0.88
4,116,"7",0.75
4,116,"8",0.63
4,116,"1",0.5
4,116,"2",0.88
4,116,"3",0.88
4,116,"4",1
4,116,"5",0.88
4,116,"6",0.88
4,116,"7",1
4,116,"8",0.88
4,116,"1",0.38
4,116,"2",0.88
4,116,"3",0.75
4,116,"4",0.63
4,116,"5",0.75
4,116,"6",0.75
4,116,"7",0.88
4,116,"8",1
4,117,"1",0.5
4,117,"2",0.63
4,117,"3",0.75
4,117,"4",0.38
4,117,"5",0.5
4,117,"6",0.88
4,117,"7",0.63
4,117,"8",0.75
4,118,"1",0.38
4,118,"2",0.75
4,118,"3",0.38
4,118,"4",0.5
4,118,"5",0.38
4,118,"6",0.75
4,118,"7",0.5
4,118,"8",0.38
4,118,"1",0.63
4,118,"2",0.88
4,118,"3",0.88
4,118,"4",1
4,118,"5",1
4,118,"6",1
4,118,"7",1
4,118,"8",1
4,119,"1",0.5
4,119,"2",0.5
4,119,"3",0.63
4,119,"4",0.38
4,119,"5",0.38
4,119,"6",0.25
4,119,"7",0.75
4,119,"8",0.5
4,119,"1",0.5
4,119,"2",0.63
4,119,"3",0.5
4,119,"4",0.38
4,119,"5",0.63
4,119,"6",0.75
4,119,"7",1
4,119,"8",0.63
4,120,"1",0.5
4,120,"2",0.63
4,120,"3",0.63
4,120,"4",0.63
4,120,"5",0.63
4,120,"6",0.5
4,120,"7",0.5
4,120,"8",0.75
4,121,"1",0.38
4,121,"2",0.5
4,121,"3",0.5
4,121,"4",0.38
4,121,"5",0.63
4,121,"6",0.75
4,121,"7",0.38
4,121,"8",0.75
4,121,"1",0.5
4,121,"2",0.63
4,121,"3",0.75
4,121,"4",0.63
4,121,"5",0.75
4,121,"6",0.88
4,121,"7",0.88
4,121,"8",0.88
4,123,"1",0.63
4,123,"2",0.75
4,123,"3",0.88
4,123,"4",0.75
4,123,"5",1
4,123,"6",1
4,123,"7",1
4,123,"8",1
4,123,"1",0.63
4,123,"2",0.75
4,123,"3",0.5
4,123,"4",0.88
4,123,"5",0.75
4,123,"6",1
4,123,"7",1
4,123,"8",1
4,124,"1",0.38
4,124,"2",0.5
4,124,"3",0.63
4,124,"4",0.5
4,124,"5",0.63
4,124,"6",0.63
4,124,"7",0.63
4,124,"8",0.5
4,125,"1",0.5
4,125,"2",0.75
4,125,"3",0.63
4,125,"4",0.75
4,125,"5",0.88
4,125,"6",0.88
4,125,"7",1
4,125,"8",0.63
4,125,"1",0.38
4,125,"2",0.75
4,125,"3",1
4,125,"4",0.63
4,125,"5",1
4,125,"6",1
4,125,"7",1
4,125,"8",1
4,127,"1",0.25
4,127,"2",0.38
4,127,"3",0.63
4,127,"4",0.38
4,127,"5",0.63
4,127,"6",0.63
4,127,"7",0.38
4,127,"8",0.5
4,128,"1",0.63
4,128,"2",0.63
4,128,"3",0.25
4,128,"4",0.75
4,128,"5",0.5
4,128,"6",0.63
4,128,"7",0.5
4,128,"8",0.13
4,129,"1",0.5
4,129,"2",0.38
4,129,"3",0.38
4,129,"4",0.25
4,129,"5",0.75
4,129,"6",0.75
4,129,"7",0.63
4,129,"8",0.75
4,130,"1",0.75
4,130,"2",0.38
4,130,"3",0.63
4,130,"4",0.75
4,130,"5",0.75
4,130,"6",0.75
4,130,"7",0.63
4,130,"8",1
4,130,"1",0.75
4,130,"2",0.75
4,130,"3",0.63
4,130,"4",0.5
4,130,"5",0.5
4,130,"6",0.63
4,130,"7",0.63
4,130,"8",0.63
4,131,"1",0.25
4,131,"2",0.38
4,131,"3",0.5
4,131,"4",0.63
4,131,"5",0.75
4,131,"6",0.75
4,131,"7",0.63
4,131,"8",0.88
4,131,"1",0.5
4,131,"2",0.63
4,131,"3",0.75
4,131,"4",0.75
4,131,"5",0.75
4,131,"6",0.5
4,131,"7",0.5
4,131,"8",0.63
4,132,"1",0.5
4,132,"2",0.88
4,132,"3",0.75
4,132,"4",0.75
4,132,"5",0.63
4,132,"6",0.88
4,132,"7",0.75
4,132,"8",1
4,132,"1",0.38
4,132,"2",0.75
4,132,"3",0.63
4,132,"4",0.75
4,132,"5",0.63
4,132,"6",0.63
4,132,"7",0.63
4,132,"8",0.75
4,132,"1",0.5
4,132,"2",0.75
4,132,"3",0.75
4,132,"4",0.75
4,132,"5",0.75
4,132,"6",0.63
4,132,"7",0.75
4,132,"8",0.63
4,133,"1",0.63
4,133,"2",0.75
4,133,"3",0.5
4,133,"4",0.63
4,133,"5",0.5
4,133,"6",0.75
4,133,"7",0.5
4,133,"8",0.63
4,134,"1",0.63
4,134,"2",0.63
4,134,"3",0.25
4,134,"4",0.63
4,134,"5",0.75
4,134,"6",0.63
4,134,"7",0.63
4,134,"8",0.88
4,134,"1",0.63
4,134,"2",0.5
4,134,"3",0.75
4,134,"4",0.63
4,134,"5",1
4,134,"6",1
4,134,"7",1
4,134,"8",1
4,135,"1",0.25
4,135,"2",0.63
4,135,"3",0.25
4,135,"4",0.5
4,135,"5",0.25
4,135,"6",0.88
4,135,"7",0.63
4,135,"8",0.38
4,136,"1",0.63
4,136,"2",0.75
4,136,"3",0.75
4,136,"4",0.75
4,136,"5",0.75
4,136,"6",0.88
4,136,"7",0.88
4,136,"8",1
4,136,"1",0.63
4,136,"2",0.63
4,136,"3",0.75
4,136,"4",0.63
4,136,"5",0.88
4,136,"6",0.88
4,136,"7",0.63
4,136,"8",0.63
4,137,"1",0.63
4,137,"2",0.5
4,137,"3",0.5
4,137,"4",0.63
4,137,"5",0.75
4,137,"6",0.5
4,137,"7",0.5
4,137,"8",0.38
4,137,"1",0.5
4,137,"2",0.88
4,137,"3",0.75
4,137,"4",0.88
4,137,"5",0.75
4,137,"6",0.88
4,137,"7",0.88
4,137,"8",0.75
4,138,"1",0.38
4,138,"2",0.88
4,138,"3",1
4,138,"4",0.88
4,138,"5",1
4,138,"6",0.88
4,138,"7",0.88
4,138,"8",1
4,140,"1",0.63
4,140,"2",0.75
4,140,"3",0.75
4,140,"4",0.63
4,140,"5",0.75
4,140,"6",0.88
4,140,"7",0.75
4,140,"8",1
4,140,"1",0.13
4,140,"2",0.5
4,140,"3",0.75
4,140,"4",0.88
4,140,"5",0.88
4,140,"6",0.88
4,140,"7",1
4,140,"8",1
4,141,"1",0.75
4,141,"2",0.38
4,141,"3",0.88
4,141,"4",0.63
4,141,"5",0.75
4,141,"6",0.63
4,141,"7",0.63
4,141,"8",0.5
4,141,"1",0.25
4,141,"2",0.75
4,141,"3",0.5
4,141,"4",0.63
4,141,"5",0.75
4,141,"6",0.5
4,141,"7",0.5
4,141,"8",0.63
4,142,"1",0.38
4,142,"2",0.38
4,142,"3",0.63
4,142,"4",0.63
4,142,"5",0.75
4,142,"6",0.75
4,142,"7",0.75
4,142,"8",1
4,142,"1",0.38
4,142,"2",0
4,142,"3",0.25
4,142,"4",0.13
4,142,"5",0.38
4,142,"6",0.38
4,142,"7",0.38
4,142,"8",0.63
4,143,"1",0.5
4,143,"2",0.5
4,143,"3",0.38
4,143,"4",0.75
4,143,"5",0.63
4,143,"6",0.63
4,143,"7",0.38
4,143,"8",0.88
4,143,"1",0.38
4,143,"2",0.75
4,143,"3",0.38
4,143,"4",0.38
4,143,"5",0.5
4,143,"6",0.88
4,143,"7",0.5
4,143,"8",0.75
4,143,"1",0.5
4,143,"2",0.75
4,143,"3",0.75
4,143,"4",0.63
4,143,"5",0.88
4,143,"6",0.88
4,143,"7",0.75
4,143,"8",0.88
4,145,"1",0.63
4,145,"2",0.88
4,145,"3",0.88
4,145,"4",0.63
4,145,"5",0.75
4,145,"6",0.75
4,145,"7",0.88
4,145,"8",0.75
4,145,"1",0.63
4,145,"2",0.75
4,145,"3",0.88
4,145,"4",0.88
4,145,"5",0.88
4,145,"6",0.88
4,145,"7",0.88
4,145,"8",0.88
4,145,"1",0.5
4,145,"2",0.25
4,145,"3",0.75
4,145,"4",1
4,145,"5",1
4,145,"6",1
4,145,"7",1
4,145,"8",1
4,146,"1",0.75
4,146,"2",0.75
4,146,"3",0.63
4,146,"4",0.63
4,146,"5",0.63
4,146,"6",0.5
4,146,"7",0.63
4,146,"8",0.75
4,146,"1",0.63
4,146,"2",0.63
4,146,"3",0.63
4,146,"4",0.88
4,146,"5",0.5
4,146,"6",0.5
4,146,"7",0.88
4,146,"8",1
4,147,"1",0.5
4,147,"2",0.63
4,147,"3",0.38
4,147,"4",0.5
4,147,"5",0.25
4,147,"6",0.5
4,147,"7",0.63
4,147,"8",0.5
4,147,"1",0.38
4,147,"2",0.63
4,147,"3",0.88
4,147,"4",0.75
4,147,"5",0.75
4,147,"6",0.75
4,147,"7",0.88
4,147,"8",1
4,147,"1",0.5
4,147,"2",0.88
4,147,"3",0.63
4,147,"4",0.88
4,147,"5",0.75
4,147,"6",0.75
4,147,"7",0.75
4,147,"8",1
4,148,"1",0.5
4,148,"2",0.75
4,148,"3",0.63
4,148,"4",0.75
4,148,"5",0.5
4,148,"6",0.63
4,148,"7",0.88
4,148,"8",1
4,149,"1",0.63
4,149,"2",0.63
4,149,"3",0.63
4,149,"4",0.75
4,149,"5",0.63
4,149,"6",0.75
4,149,"7",0.75
4,149,"8",0.75
4,150,"1",0.63
4,150,"2",0.63
4,150,"3",0.75
4,150,"4",0.63
4,150,"5",0.75
4,150,"6",0.88
4,150,"7",0.75
4,150,"8",0.75
4,150,"1",0.38
4,150,"2",0.63
4,150,"3",0.38
4,150,"4",0.5
4,150,"5",0.75
4,150,"6",0.75
4,150,"7",0.5
4,150,"8",0.25
4,151,"1",0.5
4,151,"2",0.75
4,151,"3",0.5
4,151,"4",0.88
4,151,"5",0.88
4,151,"6",0.75
4,151,"7",0.5
4,151,"8",0.88
4,151,"1",0.5
4,151,"2",0.75
4,151,"3",0.5
4,151,"4",0.5
4,151,"5",0.63
4,151,"6",0.5
4,151,"7",0.88
4,151,"8",0.75
4,152,"1",0.63
4,152,"2",0.75
4,152,"3",0.63
4,152,"4",0.5
4,152,"5",0.75
4,152,"6",0.5
4,152,"7",0.63
4,152,"8",0.75
4,152,"1",0.5
4,152,"2",0.75
4,152,"3",0.75
4,152,"4",1
4,152,"5",0.88
4,152,"6",0.88
4,152,"7",1
4,152,"8",0.88
4,153,"1",0.63
4,153,"2",0.88
4,153,"3",1
4,153,"4",1
4,153,"5",1
4,153,"6",1
4,153,"7",1
4,153,"8",1
4,153,"1",0.88
4,153,"2",0.75
4,153,"3",0.75
4,153,"4",0.75
4,153,"5",0.75
4,153,"6",0.38
4,153,"7",0.38
4,153,"8",0.75
4,153,"1",0.5
4,153,"2",1
4,153,"3",0.75
4,153,"4",0.88
4,153,"5",0.75
4,153,"6",0.88
4,153,"7",0.75
4,153,"8",0.5
4,154,"1",0
4,154,"2",0.63
4,154,"3",0.5
4,154,"4",0.75
4,154,"5",0.75
4,154,"6",0.63
4,154,"7",0.63
4,154,"8",0.5
4,154,"1",0.5
4,154,"2",0.63
4,154,"3",0.75
4,154,"4",0.5
4,154,"5",0.75
4,154,"6",0.88
4,154,"7",0.88
4,154,"8",1
4,155,"1",0.75
4,155,"2",0.75
4,155,"3",0.63
4,155,"4",0.63
4,155,"5",0.5
4,155,"6",0.5
4,155,"7",0.75
4,155,"8",0.25
4,155,"1",0.5
4,155,"2",0.5
4,155,"3",0.75
4,155,"4",0.75
4,155,"5",0.75
4,155,"6",0.75
4,155,"7",0.75
4,155,"8",0.75
4,155,"1",0.75
4,155,"2",0.75
4,155,"3",0.63
4,155,"4",0.88
4,155,"5",1
4,155,"6",1
4,155,"7",1
4,155,"8",1
4,156,"1",0.5
4,156,"2",1
4,156,"3",0.75
4,156,"4",0.88
4,156,"5",1
4,156,"6",0.88
4,156,"7",1
4,156,"8",1
4,156,"1",0.5
4,156,"2",0.75
4,156,"3",0.75
4,156,"4",1
4,156,"5",1
4,156,"6",1
4,156,"7",1
4,156,"8",1
4,157,"1",0.5
4,157,"2",0.5
4,157,"3",0.75
4,157,"4",0.75
4,157,"5",0.88
4,157,"6",1
4,157,"7",1
4,157,"8",1
4,157,"1",0.38
4,157,"2",0.5
4,157,"3",0.38
4,157,"4",0.63
4,157,"5",0.63
4,157,"6",0.63
4,157,"7",0.5
4,157,"8",0.75
4,157,"1",0.63
4,157,"2",0.88
4,157,"3",1
4,157,"4",1
4,157,"5",1
4,157,"6",1
4,157,"7",1
4,157,"8",1
4,158,"1",0.38
4,158,"2",0.63
4,158,"3",0.88
4,158,"4",0.88
4,158,"5",0.13
4,158,"6",0.75
4,158,"7",0.63
4,158,"8",0.63
4,159,"1",0.88
4,159,"2",0.63
4,159,"3",0.75
4,159,"4",0.5
4,159,"5",0.88
4,159,"6",0.63
4,159,"7",0.63
4,159,"8",0.63
4,159,"1",0.63
4,159,"2",0.63
4,159,"3",0.5
4,159,"4",0.5
4,159,"5",0.75
4,159,"6",0.63
4,159,"7",0.63
4,159,"8",0.5
4,161,"1",0.5
4,161,"2",0.38
4,161,"3",0.75
4,161,"4",0.63
4,161,"5",0.75
4,161,"6",0.88
4,161,"7",0.25
4,161,"8",0.63
4,161,"1",0.63
4,161,"2",0.38
4,161,"3",0.75
4,161,"4",0.5
4,161,"5",0.5
4,161,"6",0.63
4,161,"7",0.38
4,161,"8",0.63
4,162,"1",0.5
4,162,"2",0.38
4,162,"3",0.75
4,162,"4",0.5
4,162,"5",0.5
4,162,"6",0.63
4,162,"7",0.5
4,162,"8",0.63
4,162,"1",0.5
4,162,"2",0.5
4,162,"3",0.5
4,162,"4",0.38
4,162,"5",0.63
4,162,"6",0.75
4,162,"7",0.88
4,162,"8",1
4,162,"1",0.38
4,162,"2",0.75
4,162,"3",0.38
4,162,"4",0.5
4,162,"5",0.63
4,162,"6",0.88
4,162,"7",0.5
4,162,"8",0.5
4,163,"1",0.5
4,163,"2",0.63
4,163,"3",0.63
4,163,"4",0.5
4,163,"5",0.63
4,163,"6",0.75
4,163,"7",0.63
4,163,"8",0.75
4,163,"1",0.5
4,163,"2",0.63
4,163,"3",0.5
4,163,"4",0.63
4,163,"5",0.5
4,163,"6",0.38
4,163,"7",0.88
4,163,"8",0.63
4,164,"1",0.5
4,164,"2",0.5
4,164,"3",0.5
4,164,"4",0.63
4,164,"5",0.63
4,164,"6",0.75
4,164,"7",1
4,164,"8",0.63
4,164,"1",0.75
4,164,"2",0.63
4,164,"3",0.75
4,164,"4",0.75
4,164,"5",0.75
4,164,"6",0.75
4,164,"7",0.63
4,164,"8",0.75
4,165,"1",0.13
4,165,"2",0.63
4,165,"3",0.63
4,165,"4",0.88
4,165,"5",0.75
4,165,"6",1
4,165,"7",0.88
4,165,"8",0.88
4,165,"1",0.63
4,165,"2",0.75
4,165,"3",0.75
4,165,"4",0.75
4,165,"5",0.63
4,165,"6",0.63
4,165,"7",0.63
4,165,"8",0.5
4,166,"1",0.75
4,166,"2",0.75
4,166,"3",0.5
4,166,"4",0.88
4,166,"5",0.75
4,166,"6",0.88
4,166,"7",0.88
4,166,"8",1
4,166,"1",0.63
4,166,"2",0.75
4,166,"3",0.88
4,166,"4",0.88
4,166,"5",1
4,166,"6",0.75
4,166,"7",0.88
4,166,"8",0.88
4,166,"1",0.25
4,166,"2",0.5
4,166,"3",0.63
4,166,"4",0.38
4,166,"5",0.63
4,166,"6",0.5
4,166,"7",0.25
4,166,"8",0.38
4,167,"1",0.63
4,167,"2",0.38
4,167,"3",0.63
4,167,"4",0.25
4,167,"5",0
4,167,"6",0.5
4,167,"7",0.25
4,167,"8",0.38
4,168,"1",0.63
4,168,"2",0.75
4,168,"3",0.63
4,168,"4",0.63
4,168,"5",0.88
4,168,"6",0.5
4,168,"7",0.88
4,168,"8",1
4,169,"1",0.63
4,169,"2",0.75
4,169,"3",0.38
4,169,"4",0.63
4,169,"5",0.88
4,169,"6",1
4,169,"7",0.88
4,169,"8",1
4,169,"1",0.63
4,169,"2",0.5
4,169,"3",0.75
4,169,"4",0.38
4,169,"5",0.63
4,169,"6",0.63
4,169,"7",0.88
4,169,"8",0.88
4,170,"1",0.5
4,170,"2",0.5
4,170,"3",0.5
4,170,"4",0.38
4,170,"5",0.63
4,170,"6",0.75
4,170,"7",0.5
4,170,"8",0.88
4,171,"1",0.5
4,171,"2",0.75
4,171,"3",0.75
4,171,"4",0.63
4,171,"5",0.75
4,171,"6",0.5
4,171,"7",0.5
4,171,"8",0.5
4,171,"1",0.38
4,171,"2",0.88
4,171,"3",0.63
4,171,"4",0.63
4,171,"5",0.63
4,171,"6",0.75
4,171,"7",0.63
4,171,"8",0.75
4,171,"1",0.63
4,171,"2",0.38
4,171,"3",0.25
4,171,"4",0.25
4,171,"5",0.38
4,171,"6",0.63
4,171,"7",0.63
4,171,"8",0.88
4,172,"1",0.38
4,172,"2",0.5
4,172,"3",0.75
4,172,"4",0.63
4,172,"5",0.63
4,172,"6",0.88
4,172,"7",0.75
4,172,"8",0.75
4,172,"1",0.38
4,172,"2",0.63
4,172,"3",0.5
4,172,"4",0.63
4,172,"5",0.63
4,172,"6",0.63
4,172,"7",0.75
4,172,"8",0.5
4,172,"1",0.63
4,172,"2",0.5
4,172,"3",0.75
4,172,"4",0.75
4,172,"5",0.75
4,172,"6",0.75
4,172,"7",0.88
4,172,"8",0.75
4,173,"1",0.25
4,173,"2",0.63
4,173,"3",0.63
4,173,"4",0.63
4,173,"5",0.88
4,173,"6",0.88
4,173,"7",0.75
4,173,"8",0.75
4,173,"1",0.38
4,173,"2",0.75
4,173,"3",0.63
4,173,"4",0.75
4,173,"5",0.88
4,173,"6",0.63
4,173,"7",0.75
4,173,"8",0.88
4,173,"1",0.38
4,173,"2",0.5
4,173,"3",0.63
4,173,"4",0.5
4,173,"5",0.63
4,173,"6",0.88
4,173,"7",0.88
4,173,"8",0.88
4,174,"1",0.63
4,174,"2",0.75
4,174,"3",0.88
4,174,"4",0.63
4,174,"5",1
4,174,"6",1
4,174,"7",1
4,174,"8",1
4,175,"1",0.38
4,175,"2",0.25
4,175,"3",0.75
4,175,"4",0.63
4,175,"5",0.88
4,175,"6",0.25
4,175,"7",0.75
4,175,"8",0.63
4,175,"1",0.63
4,175,"2",0.5
4,175,"3",0.38
4,175,"4",0.88
4,175,"5",0.75
4,175,"6",1
4,175,"7",0.88
4,175,"8",0.88
4,175,"1",0.25
4,175,"2",0.38
4,175,"3",0.63
4,175,"4",0.63
4,175,"5",0.38
4,175,"6",0.63
4,175,"7",0.5
4,175,"8",0.63
4,176,"1",0.75
4,176,"2",0.5
4,176,"3",0.63
4,176,"4",0.63
4,176,"5",0.38
4,176,"6",0.75
4,176,"7",0.75
4,176,"8",0.63
4,176,"1",0.25
4,176,"2",1
4,176,"3",0.75
4,176,"4",1
4,176,"5",0.88
4,176,"6",1
4,176,"7",1
4,176,"8",1
4,176,"1",0.75
4,176,"2",0.63
4,176,"3",0.88
4,176,"4",1
4,176,"5",0.88
4,176,"6",1
4,176,"7",1
4,176,"8",1
4,177,"1",0.38
4,177,"2",0.75
4,177,"3",0.5
4,177,"4",0.5
4,177,"5",0.38
4,177,"6",0.38
4,177,"7",0.5
4,177,"8",0.38
4,177,"1",0.13
4,177,"2",0.75
4,177,"3",0.63
4,177,"4",0.13
4,177,"5",0.5
4,177,"6",0.5
4,177,"7",0.75
4,177,"8",0.63
4,178,"1",0.63
4,178,"2",0.75
4,178,"3",0.75
4,178,"4",0.63
4,178,"5",0.75
4,178,"6",0.75
4,178,"7",1
4,178,"8",1
4,178,"1",0.38
4,178,"2",0.5
4,178,"3",0.75
4,178,"4",0.88
4,178,"5",0.88
4,178,"6",0.88
4,178,"7",0.75
4,178,"8",1
4,179,"1",0.5
4,179,"2",0.5
4,179,"3",0.63
4,179,"4",0.5
4,179,"5",0.75
4,179,"6",0.75
4,179,"7",0.5
4,179,"8",0.63
4,180,"1",0.5
4,180,"2",0.88
4,180,"3",0.75
4,180,"4",0.75
4,180,"5",0.88
4,180,"6",0.63
4,180,"7",0.88
4,180,"8",0.88
4,181,"1",0.5
4,181,"2",0.88
4,181,"3",1
4,181,"4",1
4,181,"5",1
4,181,"6",1
4,181,"7",1
4,181,"8",1
4,182,"1",0.38
4,182,"2",0.63
4,182,"3",0.75
4,182,"4",0.63
4,182,"5",0.88
4,182,"6",0.88
4,182,"7",1
4,182,"8",0.88
4,182,"1",0.63
4,182,"2",0.88
4,182,"3",0.75
4,182,"4",1
4,182,"5",1
4,182,"6",1
4,182,"7",1
4,182,"8",1
4,183,"1",0.63
4,183,"2",0.5
4,183,"3",0.38
4,183,"4",0.38
4,183,"5",0.63
4,183,"6",0.75
4,183,"7",0.75
4,183,"8",0.75
4,183,"1",0.63
4,183,"2",0.88
4,183,"3",0.63
4,183,"4",0.75
4,183,"5",0.88
4,183,"6",0.63
4,183,"7",1
4,183,"8",0.75
4,183,"1",0.5
4,183,"2",0.13
4,183,"3",0.25
4,183,"4",0.63
4,183,"5",0.63
4,183,"6",0.5
4,183,"7",0.75
4,183,"8",0.88
4,184,"1",0.38
4,184,"2",0.75
4,184,"3",0.75
4,184,"4",0.75
4,184,"5",0.63
4,184,"6",0.75
4,184,"7",0.88
4,184,"8",0.63
4,184,"1",0.63
4,184,"2",0.75
4,184,"3",0.75
4,184,"4",0.88
4,184,"5",0.75
4,184,"6",0.63
4,184,"7",0.63
4,184,"8",0.75
4,185,"1",0.5
4,185,"2",0.63
4,185,"3",0.75
4,185,"4",0.88
4,185,"5",0.75
4,185,"6",1
4,185,"7",1
4,185,"8",1
4,186,"1",0.5
4,186,"2",0.63
4,186,"3",0.13
4,186,"4",0.63
4,186,"5",0.25
4,186,"6",0.63
4,186,"7",0.25
4,186,"8",0.88
4,187,"1",0.75
4,187,"2",0.75
4,187,"3",0.5
4,187,"4",0.63
4,187,"5",0.88
4,187,"6",1
4,187,"7",1
4,187,"8",1
4,189,"1",0.38
4,189,"2",0.63
4,189,"3",0.88
4,189,"4",0.88
4,189,"5",0.88
4,189,"6",0.63
4,189,"7",0.75
4,189,"8",0.5
4,190,"1",0.38
4,190,"2",0.5
4,190,"3",0.5
4,190,"4",0.63
4,190,"5",0.63
4,190,"6",0.5
4,190,"7",0.88
4,190,"8",0.88
4,191,"1",0.63
4,191,"2",0.5
4,191,"3",0.75
4,191,"4",0.63
4,191,"5",0.88
4,191,"6",0.63
4,191,"7",0.75
4,191,"8",0.25
4,193,"1",0.63
4,193,"2",0.75
4,193,"3",0.63
4,193,"4",0.5
4,193,"5",0.5
4,193,"6",0.63
4,193,"7",0.63
4,193,"8",1
4,194,"1",0.63
4,194,"2",0.5
4,194,"3",0.38
4,194,"4",0.75
4,194,"5",0.63
4,194,"6",0.5
4,194,"7",1
4,194,"8",0.75
4,194,"1",0.38
4,194,"2",0.88
4,194,"3",0.75
4,194,"4",0.88
4,194,"5",1
4,194,"6",1
4,194,"7",1
4,194,"8",1
4,196,"1",0.5
4,196,"2",0.75
4,196,"3",0.63
4,196,"4",0.63
4,196,"5",0.75
4,196,"6",0.88
4,196,"7",0.88
4,196,"8",0.75
4,197,"1",0.38
4,197,"2",0.25
4,197,"3",0.75
4,197,"4",0.88
4,197,"5",0.63
4,197,"6",0.88
4,197,"7",0.88
4,197,"8",0.63
4,198,"1",0.38
4,198,"2",0.63
4,198,"3",0.63
4,198,"4",0.63
4,198,"5",0.75
4,198,"6",0.63
4,198,"7",1
4,198,"8",1
4,198,"1",0.5
4,198,"2",0.63
4,198,"3",0.75
4,198,"4",0.75
4,198,"5",0.75
4,198,"6",0.63
4,198,"7",0.63
4,198,"8",0.63
4,199,"1",0.5
4,199,"2",0.88
4,199,"3",0.88
4,199,"4",0.88
4,199,"5",0.63
4,199,"6",0.75
4,199,"7",0.88
4,199,"8",0.75
4,199,"1",0.63
4,199,"2",0.63
4,199,"3",0.38
4,199,"4",0.88
4,199,"5",0.88
4,199,"6",1
4,199,"7",1
4,199,"8",1
4,200,"1",0.63
4,200,"2",0.75
4,200,"3",0.63
4,200,"4",0.63
4,200,"5",0.75
4,200,"6",0.63
4,200,"7",0.63
4,200,"8",0.63
4,201,"1",0.13
4,201,"2",0.5
4,201,"3",0.38
4,201,"4",0.63
4,201,"5",0.5
4,201,"6",0.5
4,201,"7",0.75
4,201,"8",0.63
4,204,"1",0.63
4,204,"2",0.38
4,204,"3",0.75
4,204,"4",0.75
4,204,"5",0.75
4,204,"6",0.75
4,204,"7",0.75
4,204,"8",0.88
4,204,"1",0.63
4,204,"2",0.38
4,204,"3",0.63
4,204,"4",0.63
4,204,"5",0.75
4,204,"6",0.88
4,204,"7",1
4,204,"8",0.5
4,205,"1",0.63
4,205,"2",0.75
4,205,"3",0.63
4,205,"4",0.88
4,205,"5",0.88
4,205,"6",0.88
4,205,"7",0.88
4,205,"8",0.88
4,205,"1",0.5
4,205,"2",0.63
4,205,"3",0.63
4,205,"4",0.88
4,205,"5",0.75
4,205,"6",0.75
4,205,"7",0.5
4,205,"8",0.5
4,207,"1",0.38
4,207,"2",1
4,207,"3",0.5
4,207,"4",0.88
4,207,"5",1
4,207,"6",1
4,207,"7",1
4,207,"8",1
4,209,"1",0.25
4,209,"2",0.75
4,209,"3",0.63
4,209,"4",0.75
4,209,"5",0.75
4,209,"6",0.88
4,209,"7",0.88
4,209,"8",0.75
4,210,"1",0.5
4,210,"2",0.63
4,210,"3",0.63
4,210,"4",0.5
4,210,"5",0.88
4,210,"6",0.5
4,210,"7",0.63
4,210,"8",0.75
4,210,"1",0.63
4,210,"2",0.63
4,210,"3",0.38
4,210,"4",0.88
4,210,"5",0.75
4,210,"6",0.88
4,210,"7",1
4,210,"8",0.88
4,211,"1",0.5
4,211,"2",0.63
4,211,"3",0.75
4,211,"4",0.88
4,211,"5",0.88
4,211,"6",1
4,211,"7",0.88
4,211,"8",1
4,212,"1",0.75
4,212,"2",0.75
4,212,"3",0.75
4,212,"4",0.63
4,212,"5",0.75
4,212,"6",0.88
4,212,"7",0.75
4,212,"8",0.63
4,212,"1",0.5
4,212,"2",0.75
4,212,"3",0.88
4,212,"4",0.88
4,212,"5",1
4,212,"6",1
4,212,"7",1
4,212,"8",1
4,213,"1",0.88
4,213,"2",0.75
4,213,"3",0.5
4,213,"4",0.63
4,213,"5",0.75
4,213,"6",0.63
4,213,"7",0.75
4,213,"8",0.63
4,214,"1",0.25
4,214,"2",0.63
4,214,"3",0.75
4,214,"4",0.75
4,214,"5",0.88
4,214,"6",1
4,214,"7",1
4,214,"8",1
4,215,"1",0.38
4,215,"2",0.63
4,215,"3",0.5
4,215,"4",0.88
4,215,"5",0.75
4,215,"6",0.75
4,215,"7",0.75
4,215,"8",0.88
4,216,"1",0.5
4,216,"2",0.63
4,216,"3",0.75
4,216,"4",0.88
4,216,"5",0.88
4,216,"6",1
4,216,"7",1
4,216,"8",1
4,216,"1",0.38
4,216,"2",0.75
4,216,"3",0.75
4,216,"4",0.63
4,216,"5",0.75
4,216,"6",0.88
4,216,"7",1
4,216,"8",1
4,217,"1",0.75
4,217,"2",0.75
4,217,"3",0.75
4,217,"4",0.88
4,217,"5",0.88
4,217,"6",0.88
4,217,"7",0.88
4,217,"8",0.75
4,217,"1",0.5
4,217,"2",0.75
4,217,"3",1
4,217,"4",1
4,217,"5",1
4,217,"6",1
4,217,"7",1
4,217,"8",1
4,218,"1",0.5
4,218,"2",0.75
4,218,"3",0.63
4,218,"4",0.75
4,218,"5",0.63
4,218,"6",0.63
4,218,"7",0.88
4,218,"8",1
4,219,"1",0.5
4,219,"2",0.63
4,219,"3",0.88
4,219,"4",0.63
4,219,"5",0.88
4,219,"6",0.75
4,219,"7",0.88
4,219,"8",0.88
4,220,"1",0.38
4,220,"2",0.75
4,220,"3",0.75
4,220,"4",0.88
4,220,"5",0.88
4,220,"6",1
4,220,"7",1
4,220,"8",1
4,220,"1",0.38
4,220,"2",0.63
4,220,"3",0.75
4,220,"4",0.38
4,220,"5",0.5
4,220,"6",1
4,220,"7",1
4,220,"8",1
4,221,"1",0.5
4,221,"2",0.38
4,221,"3",0.75
4,221,"4",0.75
4,221,"5",0.75
4,221,"6",0.88
4,221,"7",0.88
4,221,"8",1
4,221,"1",0.25
4,221,"2",0.63
4,221,"3",0.38
4,221,"4",0.75
4,221,"5",0.75
4,221,"6",1
4,221,"7",1
4,221,"8",1
4,222,"1",0.25
4,222,"2",0.75
4,222,"3",0.75
4,222,"4",1
4,222,"5",1
4,222,"6",1
4,222,"7",1
4,222,"8",1
4,223,"1",0.63
4,223,"2",0.75
4,223,"3",0.75
4,223,"4",0.88
4,223,"5",0.75
4,223,"6",0.63
4,223,"7",0.38
4,223,"8",0.75
4,224,"1",0.63
4,224,"2",0.88
4,224,"3",0.88
4,224,"4",0.88
4,224,"5",0.63
4,224,"6",0.88
4,224,"7",0.75
4,224,"8",0.88
4,228,"1",0.38
4,228,"2",0.63
4,228,"3",0.75
4,228,"4",0.75
4,228,"5",0.5
4,228,"6",0.75
4,228,"7",0.63
4,228,"8",1
4,233,"1",0.25
4,233,"2",0.63
4,233,"3",0.63
4,233,"4",0.63
4,233,"5",0.75
4,233,"6",0.63
4,233,"7",0.75
4,233,"8",0.75
