"category","item_index","exemplar","role","observed_p_old","reproduction_predicted_p_old"
1,1,"P1","prototype",0.573,0.541
1,2,"O11","old",0.847,0.782
1,3,"O12","old",0.767,0.782
1,4,"O13","old",0.86,0.853
1,5,"O14","old",0.84,0.796
1,6,"O15","old",0.893,0.856
1,7,"O16","old",0.807,0.802
1,8,"N1l","new_low",0.12,0.224
1,9,"N1m","new_medium",0.14,0.115
1,10,"N1h","new_high",0.2,0.221
2,1,"P2","prototype",0.795,0.719
2,2,"O21","old",0.647,0.821
2,3,"O22","old",0.727,0.834
2,4,"O23","old",0.813,0.813
2,5,"O24","old",0.867,0.829
2,6,"O25","old",0.807,0.789
2,7,"O26","old",0.753,0.795
2,8,"N2l","new_low",0.707,0.751
2,9,"N2m","new_medium",0.653,0.626
2,10,"N2h","new_high",0.267,0.275
3,1,"P3","prototype",0.347,0.327
3,2,"O31","old",0.893,0.783
3,3,"O32","old",0.913,0.783
3,4,"O33","old",0.673,0.786
3,5,"O34","old",0.887,0.79
3,6,"O35","old",0.68,0.797
3,7,"O36","old",0.773,0.808
3,8,"N3l","new_low",0.353,0.359
3,9,"N3m","new_medium",0.08,0.042
3,10,"N3h","new_high",0.193,0.18
