"subID","WMUMean","OSMean","CJOSMean","SSMean","SSCJMean","SSTMScore"
2,0.336666666666667,0.537857142857143,0.9,0.502698412698413,0.677777777777778,0.854166666666667
8,0.601111111111111,0.61547619047619,0.977777777777778,0.684126984126984,0.555555555555556,0.9375
13,0.605555555555556,0.638174603174603,0.933333333333333,0.839047619047619,0.666666666666667,0.775
21,0.406666666666667,0.707460317460317,0.888888888888889,0.648253968253968,0.577777777777778,0.879166666666667
22,0.913333333333333,0.821825396825397,0.966666666666667,0.743650793650794,0.655555555555556,0.9125
34,0.522222222222222,0.463095238095238,0.955555555555556,0.175873015873016,0.6,0.791666666666667
90,0.455555555555556,0.66984126984127,0.877777777777778,0.764126984126984,0.666666666666667,0.733333333333333
100,0.754444444444444,0.563492063492063,0.866666666666667,0.584285714285714,0.533333333333333,0.875
200,0.748888888888889,0.836507936507937,0.911111111111111,0.91984126984127,0.744444444444444,0.870833333333333
201,0.796666666666667,0.912698412698413,0.955555555555556,0.736190476190476,0.755555555555556,0.929166666666667
202,0.453333333333333,0.551825396825397,0.866666666666667,0.691428571428571,0.611111111111111,0.808333333333333
203,0.846666666666667,0.923809523809524,0.988888888888889,0.813015873015873,0.7,0.908333333333333
205,0.52,0.838253968253968,0.911111111111111,0.82,0.533333333333333,0.895833333333333
206,0.216666666666667,0.682698412698413,0.7,0.291746031746032,0.6,0.783333333333333
207,0.275555555555556,0.660238095238095,0.955555555555556,0.581111111111111,0.588888888888889,0.795833333333333
208,0.737777777777778,0.798412698412698,0.922222222222222,0.63047619047619,0.722222222222222,0.854166666666667
209,0.584444444444444,0.812301587301587,0.944444444444444,0.727619047619048,0.544444444444444,0.833333333333333
211,0.43,0.513571428571429,0.9,0.446507936507937,0.7,0.795833333333333
212,0.606666666666667,0.623412698412698,0.944444444444444,0.69015873015873,0.611111111111111,0.85
213,0.736666666666667,0.76563492063492,0.944444444444444,0.846984126984127,0.733333333333333,0.841666666666667
214,0.552222222222222,0.64936507936508,0.844444444444444,0.423333333333333,0.522222222222222,0.833333333333333
215,0.458888888888889,0.765793650793651,0.9,0.587936507936508,0.688888888888889,0.854166666666667
216,0.827777777777778,0.879761904761905,0.955555555555556,0.92063492063492,0.666666666666667,0.883333333333333
217,0.36,0.578571428571429,0.822222222222222,0.53,0.644444444444444,0.833333333333333
218,0.738888888888889,0.875793650793651,0.977777777777778,0.793174603174603,0.611111111111111,0.883333333333333
219,0.668888888888889,0.733333333333333,0.922222222222222,0.663650793650794,0.544444444444444,0.891666666666667
220,0.705555555555556,0.811111111111111,0.788888888888889,0.726507936507937,0.6,0.875
221,0.85,0.73,0.888888888888889,0.96984126984127,0.555555555555556,0.858333333333333
222,0.376666666666667,0.631190476190476,0.822222222222222,0.631746031746032,0.655555555555556,0.854166666666667
224,0.755555555555556,0.780714285714286,0.9,0.502857142857143,0.633333333333333,0.904166666666667
225,0.714444444444444,0.79936507936508,0.933333333333333,0.575714285714286,0.744444444444444,0.879166666666667
226,0.635555555555556,0.642301587301587,0.888888888888889,0.406031746031746,0.733333333333333,0.833333333333333
227,0.333333333333333,0.732460317460317,0.888888888888889,0.79063492063492,0.655555555555556,0.808333333333333
228,0.665555555555556,0.906349206349206,0.977777777777778,0.718730158730159,0.577777777777778,0.904166666666667
230,0.805555555555556,0.826984126984127,0.944444444444444,0.80015873015873,0.577777777777778,0.966666666666667
231,0.68,0.651507936507936,0.955555555555556,0.496190476190476,0.7,0.808333333333333
232,0.426666666666667,0.776349206349206,0.788888888888889,0.374603174603175,0.422222222222222,0.854166666666667
234,0.69,0.731507936507937,0.955555555555556,0.700634920634921,0.722222222222222,0.85
235,0.712222222222222,0.830952380952381,0.966666666666667,0.854920634920635,0.577777777777778,0.895833333333333
236,0.398888888888889,0.713174603174603,0.922222222222222,0.662539682539683,0.722222222222222,0.770833333333333
237,0.691111111111111,0.829126984126984,0.444444444444444,0.871746031746032,0.388888888888889,0.883333333333333
238,0.767777777777778,0.66984126984127,0.966666666666667,0.796349206349206,0.711111111111111,0.8375
239,0.566666666666667,0.601825396825397,0.555555555555556,0.76952380952381,0.411111111111111,0.833333333333333
240,0.607777777777778,0.79968253968254,0.888888888888889,0.776507936507936,0.6,0.9125
241,0.796666666666667,0.875793650793651,0.988888888888889,0.84936507936508,0.7,0.920833333333333
242,0.582222222222222,0.863492063492064,0.822222222222222,0.898095238095238,0.622222222222222,0.870833333333333
243,0.572222222222222,0.622698412698413,0.877777777777778,0.757460317460318,0.688888888888889,0.9
244,0.434444444444444,0.541746031746032,0.888888888888889,0.634761904761905,0.622222222222222,0.870833333333333
245,0.394444444444444,0.72063492063492,0.944444444444444,0.352222222222222,0.666666666666667,0.870833333333333
246,0.844444444444444,0.717460317460317,0.977777777777778,0.913174603174603,0.733333333333333,0.925
247,0.77,0.776190476190476,0.933333333333333,0.745555555555556,0.688888888888889,0.8375
249,0.737777777777778,0.696507936507937,0.922222222222222,0.653015873015873,0.688888888888889,0.870833333333333
250,0.714444444444444,0.719206349206349,0.9,0.784285714285714,0.744444444444444,0.7875
251,0.331111111111111,0.748571428571429,1,0.551269841269841,0.666666666666667,0.7625
252,0.986666666666667,0.663650793650794,0.955555555555556,0.65984126984127,0.6,0.9125
253,0.35,0.595714285714286,0.8,0.685079365079365,0.677777777777778,0.9375
254,0.21,0.404444444444444,0.855555555555556,0.371111111111111,0.688888888888889,0.725
255,0.447777777777778,0.672380952380952,0.944444444444444,0.37031746031746,0.444444444444444,0.833333333333333
256,0.657777777777778,0.65063492063492,0.855555555555556,0.73031746031746,0.5,0.9
257,0.462222222222222,0.58547619047619,0.933333333333333,0.745555555555556,0.577777777777778,0.879166666666667
258,0.291111111111111,0.519047619047619,0.944444444444444,0.548095238095238,0.544444444444444,0.708333333333333
259,0.465555555555556,0.777936507936508,0.9,0.272539682539683,0.677777777777778,0.929166666666667
260,0.287777777777778,0.676666666666667,0.944444444444444,0.83063492063492,0.488888888888889,0.8875
261,0.354444444444444,0.307936507936508,0.511111111111111,0.571428571428571,0.111111111111111,0.579166666666667
262,0.742222222222222,0.802301587301587,0.933333333333333,0.837460317460317,0.6,0.820833333333333
263,0.762222222222222,0.91468253968254,0.988888888888889,0.892063492063492,0.677777777777778,0.891666666666667
264,0.565555555555556,0.771190476190476,0.977777777777778,0.82079365079365,0.722222222222222,0.820833333333333
265,0.414444444444444,0.691984126984127,0.9,0.744126984126984,0.722222222222222,0.854166666666667
266,0.7,0.707460317460317,0.955555555555556,0.803333333333333,0.711111111111111,0.908333333333333
267,0.355555555555556,0.442460317460317,0.811111111111111,0.621904761904762,0.633333333333333,0.741666666666667
268,0.741111111111111,0.905952380952381,0.922222222222222,0.90031746031746,0.666666666666667,0.870833333333333
270,0.613333333333333,0.574206349206349,0.933333333333333,0.618253968253968,0.7,0.866666666666667
271,0.707777777777778,0.64063492063492,0.988888888888889,0.292857142857143,0.677777777777778,0.9
272,0.544444444444444,0.797222222222222,0.877777777777778,0.64968253968254,0.488888888888889,0.845833333333333
273,0.416666666666667,0.650873015873016,0.888888888888889,0.653333333333333,0.466666666666667,0.845833333333333
274,0.907777777777778,0.843253968253968,0.966666666666667,0.902539682539683,0.633333333333333,0.9
276,0.906666666666667,0.75468253968254,0.944444444444444,0.806349206349206,0.722222222222222,0.870833333333333
278,0.897777777777778,0.763730158730159,0.988888888888889,0.826984126984127,0.688888888888889,0.8875
279,0.631111111111111,0.822777777777778,0.822222222222222,0.943174603174603,0.522222222222222,0.816666666666667
281,0.607777777777778,0.65968253968254,0.955555555555556,0.765396825396825,0.644444444444444,0.825
284,0.896666666666667,0.827936507936508,1,0.495714285714286,0.644444444444444,0.825
285,0.681111111111111,0.904761904761905,0.933333333333333,0.826825396825397,0.655555555555556,0.920833333333333
286,0.601111111111111,0.71904761904762,0.944444444444444,0.636825396825397,0.588888888888889,0.841666666666667
287,0.886666666666667,0.774761904761905,0.933333333333333,0.942063492063492,0.766666666666667,0.879166666666667
288,0.368888888888889,0.679761904761905,0.655555555555556,0.621428571428571,0.588888888888889,0.770833333333333
289,0.821111111111111,0.842460317460317,0.966666666666667,0.77,0.7,0.854166666666667
290,0.325555555555556,0.597539682539682,0.844444444444444,0.593333333333333,0.622222222222222,0.733333333333333
291,0.513333333333333,0.767063492063492,0.977777777777778,0.703650793650794,0.666666666666667,0.820833333333333
292,0.321111111111111,0.541111111111111,0.6,0.718095238095238,0.611111111111111,0.725
293,0.682222222222222,0.72547619047619,0.888888888888889,0.784126984126984,0.511111111111111,0.925
294,0.486666666666667,0.852539682539682,0.955555555555556,0.7,0.633333333333333,0.820833333333333
295,0.651111111111111,0.888888888888889,0.933333333333333,0.66,0.566666666666667,0.908333333333333
296,0.375555555555556,0.621428571428571,0.966666666666667,0.585238095238095,0.6,0.858333333333333
297,0.241111111111111,0.368333333333333,0.7,0.282539682539683,0.444444444444444,0.804166666666667
298,0.816666666666667,0.871825396825397,0.911111111111111,0.967619047619048,0.644444444444444,0.933333333333333
299,0.864444444444444,0.85968253968254,0.955555555555556,0.78031746031746,0.622222222222222,0.954166666666667
300,0.534444444444444,0.87142857142857,0.844444444444444,0.881746031746032,0.511111111111111,0.895833333333333
301,0.457777777777778,0.631190476190476,0.9,0.657619047619048,0.688888888888889,0.879166666666667
302,0.464444444444444,0.621507936507937,0.933333333333333,0.426507936507937,0.655555555555556,0.8875
303,0.568888888888889,0.392301587301587,0.722222222222222,0.76968253968254,0.733333333333333,0.783333333333333
304,0.676666666666667,0.73436507936508,0.944444444444444,0.734761904761905,0.744444444444444,0.870833333333333
305,0.503333333333333,0.685555555555556,0.877777777777778,0.743174603174603,0.7,0.854166666666667
306,0.62,0.484285714285714,0.866666666666667,0.226984126984127,0.622222222222222,0.908333333333333
307,0.625555555555556,0.661428571428571,0.933333333333333,0.689047619047619,0.755555555555556,0.929166666666667
308,0.756666666666667,0.849603174603175,0.988888888888889,0.707619047619048,0.633333333333333,0.875
309,0.577777777777778,0.493095238095238,0.944444444444444,0.708730158730159,0.533333333333333,0.954166666666667
310,0.476666666666667,0.332142857142857,0.944444444444444,0.396825396825397,0.677777777777778,0.883333333333333
311,0.537777777777778,0.680396825396825,0.877777777777778,0.72984126984127,0.755555555555556,0.725
312,0.415555555555556,0.604603174603175,0.955555555555556,0.29047619047619,0.688888888888889,0.8
313,0.401111111111111,0.786111111111111,0.833333333333333,0.743968253968254,0.666666666666667,0.845833333333333
314,0.61,0.71063492063492,0.9,0.84063492063492,0.555555555555556,0.895833333333333
315,0.703333333333333,0.667777777777778,0.966666666666667,0.666031746031746,0.688888888888889,0.8125
316,0.506666666666667,0.618968253968254,0.922222222222222,0.57031746031746,0.622222222222222,0.833333333333333
